/*
Navicat MySQL Data Transfer

Source Server         : 10.5.100.21
Source Server Version : 50616
Source Host           : 10.5.100.21:3306
Source Database       : tbbox

Target Server Type    : MYSQL
Target Server Version : 50616
File Encoding         : 65001

Date: 2016-03-14 16:37:52
*/

SET FOREIGN_KEY_CHECKS=0;

-- ----------------------------
-- Table structure for auth_group
-- ----------------------------
DROP TABLE IF EXISTS `auth_group`;
CREATE TABLE `auth_group` (
  `id` int(10) unsigned NOT NULL AUTO_INCREMENT,
  `name` varchar(80) NOT NULL,
  PRIMARY KEY (`id`),
  UNIQUE KEY `index_groups_name` (`name`)
) ENGINE=InnoDB AUTO_INCREMENT=4 DEFAULT CHARSET=utf8 COMMENT='ç”¨æˆ·ç»„';

-- ----------------------------
-- Records of auth_group
-- ----------------------------
INSERT INTO `auth_group` VALUES ('1', 'admin');
INSERT INTO `auth_group` VALUES ('2', 'downstream');
INSERT INTO `auth_group` VALUES ('3', 'upstream');

-- ----------------------------
-- Table structure for auth_user_group
-- ----------------------------
DROP TABLE IF EXISTS `auth_user_group`;
CREATE TABLE `auth_user_group` (
  `id` int(10) unsigned NOT NULL AUTO_INCREMENT,
  `uid` bigint(20) unsigned NOT NULL COMMENT 'ç”¨æˆ·ID',
  `gid` int(10) unsigned NOT NULL COMMENT 'ç”¨æˆ·ç»„ID',
  PRIMARY KEY (`id`),
  UNIQUE KEY `index_user_group` (`uid`,`gid`)
) ENGINE=InnoDB AUTO_INCREMENT=12 DEFAULT CHARSET=utf8 COMMENT='ç”¨æˆ·åˆ†ç»„ä¿¡æ¯';

-- ----------------------------
-- Records of auth_user_group
-- ----------------------------
INSERT INTO `auth_user_group` VALUES ('1', '100000000', '1');
INSERT INTO `auth_user_group` VALUES ('2', '100000000', '2');
INSERT INTO `auth_user_group` VALUES ('3', '100000000', '3');
INSERT INTO `auth_user_group` VALUES ('7', '100000001', '2');
INSERT INTO `auth_user_group` VALUES ('5', '100000023', '2');
INSERT INTO `auth_user_group` VALUES ('6', '100000023', '3');
INSERT INTO `auth_user_group` VALUES ('9', '100000026', '2');
INSERT INTO `auth_user_group` VALUES ('8', '100000033', '2');
INSERT INTO `auth_user_group` VALUES ('10', '100000040', '2');
INSERT INTO `auth_user_group` VALUES ('11', '100000040', '3');

-- ----------------------------
-- Table structure for ppc_files_blacklist
-- ----------------------------
DROP TABLE IF EXISTS `ppc_files_blacklist`;
CREATE TABLE `ppc_files_blacklist` (
  `id` bigint(20) unsigned NOT NULL AUTO_INCREMENT COMMENT 'ä¸»é”®, è‡ªå¢žåºåˆ—ï¼Œç”¨æˆ·ID',
  `sid` bigint(20) unsigned NOT NULL,
  `relative_url` varchar(255) CHARACTER SET utf8 COLLATE utf8_bin NOT NULL,
  `active_prefix_id` bigint(20) unsigned NOT NULL COMMENT 'ç”¨æˆ·å½“åˆæ³¨å†Œè¯¥æ–‡ä»¶æ—¶ä½¿ç”¨çš„prefix',
  PRIMARY KEY (`id`),
  UNIQUE KEY `index_user_files_sid_url` (`sid`,`relative_url`)
) ENGINE=InnoDB AUTO_INCREMENT=31 DEFAULT CHARSET=utf8 COMMENT='files blacklist';

-- ----------------------------
-- Records of ppc_files_blacklist
-- ----------------------------

-- ----------------------------
-- Table structure for ppc_groups
-- ----------------------------
DROP TABLE IF EXISTS `ppc_groups`;
CREATE TABLE `ppc_groups` (
  `id` int(10) unsigned NOT NULL AUTO_INCREMENT COMMENT '用户组id',
  `name` varchar(64) NOT NULL COMMENT '用户组名称',
  PRIMARY KEY (`id`),
  UNIQUE KEY `index_group_name` (`name`)
) ENGINE=InnoDB AUTO_INCREMENT=4 DEFAULT CHARSET=utf8 COMMENT='用户组';

-- ----------------------------
-- Records of ppc_groups
-- ----------------------------
INSERT INTO `ppc_groups` VALUES ('1', 'admin');
INSERT INTO `ppc_groups` VALUES ('3', 'customer');
INSERT INTO `ppc_groups` VALUES ('2', 'provider');

-- ----------------------------
-- Table structure for ppc_invitation
-- ----------------------------
DROP TABLE IF EXISTS `ppc_invitation`;
CREATE TABLE `ppc_invitation` (
  `id` bigint(20) unsigned NOT NULL AUTO_INCREMENT,
  `invitation_code` char(32) NOT NULL,
  `from_tenant_id` int(10) unsigned NOT NULL COMMENT '邀请人所属的企业客户id',
  `from_user_id` bigint(20) unsigned NOT NULL DEFAULT '0' COMMENT '邀请人的账号id',
  `to_tenant_id` int(10) unsigned NOT NULL DEFAULT '0' COMMENT '被邀请人所属的企业客户id',
  `promotion_rule_id` int(10) unsigned NOT NULL DEFAULT '0' COMMENT '关联的优惠规则id',
  `create_time` datetime NOT NULL COMMENT '创建时间',
  `bind_time` datetime DEFAULT NULL COMMENT '绑定时间',
  PRIMARY KEY (`id`),
  UNIQUE KEY `index_invitation_code` (`invitation_code`),
  KEY `index_from_tenant` (`from_tenant_id`),
  KEY `index_to_tenant` (`to_tenant_id`)
) ENGINE=InnoDB AUTO_INCREMENT=5 DEFAULT CHARSET=utf8 COMMENT='邀请关系表';

-- ----------------------------
-- Records of ppc_invitation
-- ----------------------------
INSERT INTO `ppc_invitation` VALUES ('1', 'ABCDEFGHIJKLMNOPQRSTUVWXYZ123459', '1', '0', '0', '0', '2016-01-14 19:23:25', null);
INSERT INTO `ppc_invitation` VALUES ('2', 'ABCDEFGHIJKLMNOPQRSTUVWXYZ123458', '1', '0', '0', '0', '2016-01-14 19:23:25', null);
INSERT INTO `ppc_invitation` VALUES ('3', 'ABCDEFGHIJKLMNOPQRSTUVWXYZ123457', '1', '0', '0', '0', '2016-01-14 19:23:25', null);
INSERT INTO `ppc_invitation` VALUES ('4', 'ABCDEFGHIJKLMNOPQRSTUVWXYZ123456', '1', '0', '0', '0', '2016-01-14 19:23:25', null);

-- ----------------------------
-- Table structure for ppc_live_channel
-- ----------------------------
DROP TABLE IF EXISTS `ppc_live_channel`;
CREATE TABLE `ppc_live_channel` (
  `id` int(11) NOT NULL AUTO_INCREMENT,
  `tenant_name` varchar(64) NOT NULL,
  `channel_cid` varchar(64) NOT NULL,
  `channel_name` varchar(255) NOT NULL,
  `channel_source` varchar(255) NOT NULL,
  `channel_source_port` int(10) unsigned NOT NULL,
  `stream_name` varchar(255) NOT NULL,
  `pattern` varchar(8) DEFAULT NULL,
  `channel_capability` int(10) unsigned DEFAULT NULL,
  `channel_factor` decimal(4,2) DEFAULT NULL,
  `stream_rate` int(10) unsigned DEFAULT NULL,
  `format` varchar(16) DEFAULT NULL,
  `begin_time` datetime DEFAULT NULL,
  `end_time` datetime DEFAULT NULL,
  `channel_status` varchar(32) DEFAULT NULL,
  `channel_url` varchar(200) DEFAULT NULL,
  `template_url` varchar(200) DEFAULT NULL,
  `node_id` int(10) unsigned DEFAULT NULL,
  `content_len` int(10) unsigned DEFAULT NULL,
  `rtmp_source` varchar(255) DEFAULT NULL,
  `flv_source` varchar(255) DEFAULT NULL,
  `flash_slice` int(10) unsigned DEFAULT NULL,
  `flash_delay` int(10) unsigned DEFAULT NULL,
  `flash_interval` int(10) unsigned DEFAULT NULL,
  `piece_data_size` int(10) unsigned DEFAULT NULL,
  `ppc` int(10) unsigned DEFAULT NULL,
  `channel_source_protocol` varchar(64) DEFAULT NULL,
  PRIMARY KEY (`id`),
  UNIQUE KEY `channel_cid` (`channel_cid`),
  UNIQUE KEY `index_tenant_name_channel_name` (`tenant_name`,`channel_name`)
) ENGINE=InnoDB AUTO_INCREMENT=3 DEFAULT CHARSET=utf8;

-- ----------------------------
-- Records of ppc_live_channel
-- ----------------------------

-- ----------------------------
-- Table structure for ppc_roles
-- ----------------------------
DROP TABLE IF EXISTS `ppc_roles`;
CREATE TABLE `ppc_roles` (
  `id` int(10) unsigned NOT NULL AUTO_INCREMENT COMMENT '角色id',
  `tenant_id` int(10) unsigned NOT NULL COMMENT '平台租户id，即角色所属企业客户id',
  `name` varchar(64) NOT NULL COMMENT '角色名',
  PRIMARY KEY (`id`)
) ENGINE=InnoDB AUTO_INCREMENT=5 DEFAULT CHARSET=utf8 COMMENT='角色表';

-- ----------------------------
-- Records of ppc_roles
-- ----------------------------
INSERT INTO `ppc_roles` VALUES ('3', '100000043', 'admin');
INSERT INTO `ppc_roles` VALUES ('4', '100000044', 'admin');

-- ----------------------------
-- Table structure for ppc_tenants
-- ----------------------------
DROP TABLE IF EXISTS `ppc_tenants`;
CREATE TABLE `ppc_tenants` (
  `id` int(10) unsigned NOT NULL AUTO_INCREMENT COMMENT '租户id，即企业客户id',
  `name` varchar(64) NOT NULL COMMENT '租户名称，即企业客户名称',
  PRIMARY KEY (`id`),
  UNIQUE KEY `index_name` (`name`)
) ENGINE=InnoDB AUTO_INCREMENT=100000045 DEFAULT CHARSET=utf8 COMMENT='租户表';

-- ----------------------------
-- Records of ppc_tenants
-- ----------------------------
INSERT INTO `ppc_tenants` VALUES ('100000001', 'ciwen');
INSERT INTO `ppc_tenants` VALUES ('100000023', 'icntv');
INSERT INTO `ppc_tenants` VALUES ('100000000', 'leigang');
INSERT INTO `ppc_tenants` VALUES ('100000024', 'panjun');
INSERT INTO `ppc_tenants` VALUES ('100000043', 'ryan');
INSERT INTO `ppc_tenants` VALUES ('100000028', 'tc1');
INSERT INTO `ppc_tenants` VALUES ('100000033', 'tc2');
INSERT INTO `ppc_tenants` VALUES ('100000036', 'tc3');
INSERT INTO `ppc_tenants` VALUES ('100000044', 'test001');
INSERT INTO `ppc_tenants` VALUES ('100000035', 'thunder');

-- ----------------------------
-- Table structure for ppc_tenant_peer_prefix
-- ----------------------------
DROP TABLE IF EXISTS `ppc_tenant_peer_prefix`;
CREATE TABLE `ppc_tenant_peer_prefix` (
  `id` int(10) unsigned NOT NULL AUTO_INCREMENT,
  `tenant_id` int(10) unsigned NOT NULL COMMENT '租户id',
  `peer_prefix` varchar(32) NOT NULL COMMENT '租户所对应的节点识别码前缀',
  PRIMARY KEY (`id`),
  UNIQUE KEY `index_peer_prefix` (`peer_prefix`),
  KEY `index_tenant` (`tenant_id`)
) ENGINE=InnoDB AUTO_INCREMENT=33 DEFAULT CHARSET=utf8 COMMENT='租户节点前缀关系表';

-- ----------------------------
-- Records of ppc_tenant_peer_prefix
-- ----------------------------
INSERT INTO `ppc_tenant_peer_prefix` VALUES ('1', '100000000', '00000000');
INSERT INTO `ppc_tenant_peer_prefix` VALUES ('2', '100000001', '00010001');
INSERT INTO `ppc_tenant_peer_prefix` VALUES ('3', '100000002', '00010002');
INSERT INTO `ppc_tenant_peer_prefix` VALUES ('4', '100000003', '00010003');
INSERT INTO `ppc_tenant_peer_prefix` VALUES ('5', '100000004', '00010004');
INSERT INTO `ppc_tenant_peer_prefix` VALUES ('6', '100000005', '00010005');
INSERT INTO `ppc_tenant_peer_prefix` VALUES ('7', '100000006', '00010006');
INSERT INTO `ppc_tenant_peer_prefix` VALUES ('8', '100000007', '00010007');
INSERT INTO `ppc_tenant_peer_prefix` VALUES ('9', '100000008', '00010008');
INSERT INTO `ppc_tenant_peer_prefix` VALUES ('10', '100000009', '00010009');
INSERT INTO `ppc_tenant_peer_prefix` VALUES ('11', '100000010', '00000010');
INSERT INTO `ppc_tenant_peer_prefix` VALUES ('12', '100000011', '00010011');
INSERT INTO `ppc_tenant_peer_prefix` VALUES ('13', '100000012', '00010012');
INSERT INTO `ppc_tenant_peer_prefix` VALUES ('14', '100000013', '00010013');
INSERT INTO `ppc_tenant_peer_prefix` VALUES ('15', '100000014', '00010014');
INSERT INTO `ppc_tenant_peer_prefix` VALUES ('16', '100000015', '00010015');
INSERT INTO `ppc_tenant_peer_prefix` VALUES ('17', '100000016', '00010016');
INSERT INTO `ppc_tenant_peer_prefix` VALUES ('18', '100000017', '00010017');
INSERT INTO `ppc_tenant_peer_prefix` VALUES ('19', '100000018', '00010018');
INSERT INTO `ppc_tenant_peer_prefix` VALUES ('20', '100000019', '00010019');
INSERT INTO `ppc_tenant_peer_prefix` VALUES ('21', '100000020', '00010020');
INSERT INTO `ppc_tenant_peer_prefix` VALUES ('22', '100000021', '00010021');
INSERT INTO `ppc_tenant_peer_prefix` VALUES ('23', '100000022', '00010022');
INSERT INTO `ppc_tenant_peer_prefix` VALUES ('24', '100000023', '00010023');
INSERT INTO `ppc_tenant_peer_prefix` VALUES ('25', '100000024', '00010024');
INSERT INTO `ppc_tenant_peer_prefix` VALUES ('26', '100000025', '00010025');
INSERT INTO `ppc_tenant_peer_prefix` VALUES ('32', '100000035', '05f5e123');

-- ----------------------------
-- Table structure for ppc_url_prefix
-- ----------------------------
DROP TABLE IF EXISTS `ppc_url_prefix`;
CREATE TABLE `ppc_url_prefix` (
  `id` bigint(20) unsigned NOT NULL AUTO_INCREMENT,
  `prefix` varchar(64) NOT NULL COMMENT 'ç”¨æˆ·æ³¨å†Œçš„åŸŸåé›†åˆä¸­çš„ä¸»åŸŸå',
  `uid` bigint(20) unsigned DEFAULT NULL,
  PRIMARY KEY (`id`),
  UNIQUE KEY `key_prefix` (`prefix`),
  KEY `index_url_prefix_sid` (`uid`)
) ENGINE=InnoDB AUTO_INCREMENT=192 DEFAULT CHARSET=utf8 COMMENT='åŸŸåæ˜ å°„å…³ç³»';

-- ----------------------------
-- Records of ppc_url_prefix
-- ----------------------------
INSERT INTO `ppc_url_prefix` VALUES ('1', 'cdn.cloutropy.com', null);
INSERT INTO `ppc_url_prefix` VALUES ('2', 'cdn.cloutropy.com/leigang_oss', '100000000');
INSERT INTO `ppc_url_prefix` VALUES ('3', 'cdn.cloutropy.com/leigang_cdn', '100000000');
INSERT INTO `ppc_url_prefix` VALUES ('4', 'cdn.cloutropy.com/leigang_m3u8', '100000000');
INSERT INTO `ppc_url_prefix` VALUES ('5', 'cdn.cloutropy.com/icntv_oss', '100000023');
INSERT INTO `ppc_url_prefix` VALUES ('6', 'f03.vod01.icntvcdn.com', '100000023');
INSERT INTO `ppc_url_prefix` VALUES ('7', 'm.icntvcdn.com', '100000023');
INSERT INTO `ppc_url_prefix` VALUES ('8', 'cdn.cloutropy.com/icntv_m3u8', '100000023');
INSERT INTO `ppc_url_prefix` VALUES ('9', 'ciwen.cloutropy.com', '100000001');
INSERT INTO `ppc_url_prefix` VALUES ('10', 'buddiestv.qiniudn.com', '100000001');
INSERT INTO `ppc_url_prefix` VALUES ('11', 'cdn.cloutropy.com/ciwen_m3u8', '100000001');
INSERT INTO `ppc_url_prefix` VALUES ('48', 'cdn.cloutropy.com/thunder', '100000033');
INSERT INTO `ppc_url_prefix` VALUES ('49', 't027.vod05.icntvcdn.com', '100000023');
INSERT INTO `ppc_url_prefix` VALUES ('191', 'ahtelecom.cloutropy.com', '100000040');

-- ----------------------------
-- Table structure for ppc_url_prefix_new
-- ----------------------------
DROP TABLE IF EXISTS `ppc_url_prefix_new`;
CREATE TABLE `ppc_url_prefix_new` (
  `id` bigint(20) unsigned NOT NULL AUTO_INCREMENT,
  `prefix` varchar(64) NOT NULL COMMENT '用户注册的域名集合中的主域名',
  `uid` bigint(20) unsigned DEFAULT NULL,
  PRIMARY KEY (`id`),
  UNIQUE KEY `index_prefix` (`prefix`),
  KEY `index_url_prefix_user_id` (`uid`)
) ENGINE=InnoDB AUTO_INCREMENT=100 DEFAULT CHARSET=utf8 COMMENT='域名映射关系';

-- ----------------------------
-- Records of ppc_url_prefix_new
-- ----------------------------
INSERT INTO `ppc_url_prefix_new` VALUES ('1', 'cdn.cloutropy.com/leigang_cdn', '100000000');
INSERT INTO `ppc_url_prefix_new` VALUES ('2', 'vod.cloutropy.com', '100000000');
INSERT INTO `ppc_url_prefix_new` VALUES ('3', 'cdn.cloutropy.com/leigang_m3u8', '100000000');
INSERT INTO `ppc_url_prefix_new` VALUES ('4', 'cdn.cloutropy.com/leigang_oss', '100000000');
INSERT INTO `ppc_url_prefix_new` VALUES ('5', 'buddiestv.qiniudn.com', '100000001');
INSERT INTO `ppc_url_prefix_new` VALUES ('6', 'cdn.cloutropy.com/ciwen_m3u8', '100000001');
INSERT INTO `ppc_url_prefix_new` VALUES ('7', 'ciwen.cloutropy.com', '100000001');
INSERT INTO `ppc_url_prefix_new` VALUES ('8', 'f03.vod01.icntvcdn.com', '100000023');
INSERT INTO `ppc_url_prefix_new` VALUES ('9', 'm.icntvcdn.com', '100000023');
INSERT INTO `ppc_url_prefix_new` VALUES ('10', 'cdn.cloutropy.com/icntv_m3u8', '100000023');
INSERT INTO `ppc_url_prefix_new` VALUES ('11', 'cdn.cloutropy.com/icntv_oss', '100000023');
INSERT INTO `ppc_url_prefix_new` VALUES ('12', 'cdn.cloutropy.com/thunder', '100000033');
INSERT INTO `ppc_url_prefix_new` VALUES ('17', 'cdn.cloutropy.com', null);

-- ----------------------------
-- Table structure for ppc_users
-- ----------------------------
DROP TABLE IF EXISTS `ppc_users`;
CREATE TABLE `ppc_users` (
  `id` bigint(20) unsigned NOT NULL AUTO_INCREMENT COMMENT 'ä¸»é”®, è‡ªå¢žåºåˆ—ï¼Œç”¨æˆ·ID',
  `username` varchar(64) NOT NULL COMMENT 'ç”¨æˆ·å',
  `password` varchar(64) NOT NULL COMMENT 'å¯†ç ',
  `phoneNum` varchar(16) NOT NULL COMMENT 'æ‰‹æœºå·ç ',
  `emailAddress` varchar(64) DEFAULT NULL COMMENT 'é‚®ç®±',
  `createdTime` datetime NOT NULL DEFAULT CURRENT_TIMESTAMP,
  `modifiedTime` datetime NOT NULL DEFAULT CURRENT_TIMESTAMP,
  PRIMARY KEY (`id`),
  UNIQUE KEY `index_username` (`username`),
  UNIQUE KEY `index_phoneNum` (`phoneNum`),
  UNIQUE KEY `index_emailAddress` (`emailAddress`)
) ENGINE=InnoDB AUTO_INCREMENT=100000041 DEFAULT CHARSET=utf8 COMMENT='ç”¨æˆ·è¡¨';

-- ----------------------------
-- Records of ppc_users
-- ----------------------------
INSERT INTO `ppc_users` VALUES ('100000000', 'leigang', 'leigangbj', '13512345678', 'leigang@cloutropy.com', '2015-09-01 01:06:16', '2015-09-01 01:06:16');
INSERT INTO `ppc_users` VALUES ('100000001', 'ciwen', 'ciwenbj', '80000000001', null, '0000-00-00 00:00:00', '0000-00-00 00:00:00');
INSERT INTO `ppc_users` VALUES ('100000023', 'icntv', 'icntvbj', '80000000023', null, '0000-00-00 00:00:00', '0000-00-00 00:00:00');
INSERT INTO `ppc_users` VALUES ('100000026', 'wasu', 'wasubj', '80000000026', null, '2016-02-25 20:25:58', '2016-02-25 20:25:58');
INSERT INTO `ppc_users` VALUES ('100000033', 'thunder', 'thunderbj', '80000000033', null, '2016-02-18 20:42:51', '2016-02-18 20:42:51');
INSERT INTO `ppc_users` VALUES ('100000040', 'ahtelecom', 'ahtelecom1234', '80000000040', null, '0000-00-00 00:00:00', '0000-00-00 00:00:00');

-- ----------------------------
-- Table structure for ppc_users_new
-- ----------------------------
DROP TABLE IF EXISTS `ppc_users_new`;
CREATE TABLE `ppc_users_new` (
  `id` bigint(20) unsigned NOT NULL AUTO_INCREMENT COMMENT '用户id',
  `tenant_id` int(10) unsigned NOT NULL COMMENT '平台租户id，即用户所属企业客户id',
  `username` varchar(64) NOT NULL COMMENT '用户名',
  `password` char(32) NOT NULL COMMENT '密码',
  `salt` char(24) NOT NULL COMMENT 'hash salt',
  `phone` varchar(16) NOT NULL COMMENT '手机号码',
  `email` varchar(64) NOT NULL COMMENT '邮箱',
  `verify_code` varchar(32) DEFAULT NULL COMMENT '用户激活验证码',
  `create_time` datetime NOT NULL,
  `update_time` datetime DEFAULT NULL,
  PRIMARY KEY (`id`),
  UNIQUE KEY `index_username` (`username`),
  UNIQUE KEY `index_phone` (`phone`),
  UNIQUE KEY `index_email` (`email`)
) ENGINE=InnoDB AUTO_INCREMENT=100000038 DEFAULT CHARSET=utf8 COMMENT='用户表';

-- ----------------------------
-- Records of ppc_users_new
-- ----------------------------
INSERT INTO `ppc_users_new` VALUES ('100000000', '100000000', 'leigang', '1cf89bc8bb9738273e8650aa7819b7ed', 'b53b04f1093f1c503235b8f5', '13512345678', 'leigang@cloutropy.com', null, '2016-01-14 17:59:56', '2016-01-14 17:59:56');
INSERT INTO `ppc_users_new` VALUES ('100000001', '100000001', 'ciwen', 'b750daf3745c4c4ed61c8e37f4139e83', 'bd902d46bf32ea317ef7bf63', '80000000001', '100000001@cloutropy.com', null, '2016-01-14 17:59:56', '2016-01-14 17:59:56');
INSERT INTO `ppc_users_new` VALUES ('100000023', '100000023', 'icntv', 'd8ac0ee78305d41c61e7b216a38b464d', 'a3ed76b401e96a629089045a', '80000000023', '100000023@cloutropy.com', null, '2016-01-14 17:59:56', '2016-01-14 17:59:56');
INSERT INTO `ppc_users_new` VALUES ('100000024', '100000024', 'panjun', '2dab007566841446fe2a484f019f99d9', 'clfrh7BFbNH/ik6Ybh3sgQ==', '13912345678', 'panjun@cloutropy.com', null, '2016-01-14 19:02:32', null);
INSERT INTO `ppc_users_new` VALUES ('100000028', '100000028', 'tc1', 'aaa6828d638dcac4c956c3330eac9f26', '5DOthUAk/1PljW5KzRAXDg==', '13122222221', 'tc1@163.com', null, '2016-01-14 19:45:19', null);
INSERT INTO `ppc_users_new` VALUES ('100000032', '100000033', 'TC2', '1c054dbfcc08a8a4f4f274db6ad291d9', 'J+waByo+9zSJ36AwAfWDGw==', '13122222222', 'tc2@163.com', null, '2016-01-14 20:03:19', null);
INSERT INTO `ppc_users_new` VALUES ('100000033', '100000035', 'thunder', '1efd93aa40b7c58694a4d1247c9e5d37', 'ioOKDgpjCcOVnRLIKZGGeA==', '13122222200', 'thunder@163.com', null, '2016-01-14 20:07:19', null);
INSERT INTO `ppc_users_new` VALUES ('100000034', '100000036', 'tc3', 'eb67d26e97d45b69a08eba639b524af0', 'iA6TTm7nFTJCnY6TlYk3Qg==', '13122222223', 'tc3@163.com', null, '2016-01-15 10:19:21', null);
INSERT INTO `ppc_users_new` VALUES ('100000036', '100000043', 'ryan', 'a9476dac570a5bb5f45bb85235d92017', 'ASzKrK463Bz1oYR1OXG9SA==', '15123456789', 'ryan@cloutropy.com', '6d05f643b9dd4be4bfe53d6eace751d3', '2016-02-01 15:50:47', null);
INSERT INTO `ppc_users_new` VALUES ('100000037', '100000044', 'test001', 'f803ecf4185a167fdbac0b5da2ee404d', '+tiyicVjpPoUmJDWPs3iOQ==', '15812345678', 'test001@163.com', '9ee1b6b3bb2146a88a4ffc39af9d699d', '2016-02-03 11:23:21', null);

-- ----------------------------
-- Table structure for ppc_user_channel
-- ----------------------------
DROP TABLE IF EXISTS `ppc_user_channel`;
CREATE TABLE `ppc_user_channel` (
  `id` bigint(20) unsigned NOT NULL AUTO_INCREMENT,
  `uid` bigint(20) unsigned NOT NULL,
  `channel_id` varchar(32) NOT NULL,
  PRIMARY KEY (`id`),
  UNIQUE KEY `index_channel_id` (`channel_id`),
  KEY `index_channel_uid` (`uid`)
) ENGINE=InnoDB AUTO_INCREMENT=27 DEFAULT CHARSET=utf8 COMMENT='ç”¨æˆ·æ¸ é“ä¿¡æ¯';

-- ----------------------------
-- Records of ppc_user_channel
-- ----------------------------
INSERT INTO `ppc_user_channel` VALUES ('1', '100000000', '00000000');
INSERT INTO `ppc_user_channel` VALUES ('2', '100000001', '00010001');
INSERT INTO `ppc_user_channel` VALUES ('3', '100000002', '00010002');
INSERT INTO `ppc_user_channel` VALUES ('4', '100000003', '00010003');
INSERT INTO `ppc_user_channel` VALUES ('5', '100000004', '00010004');
INSERT INTO `ppc_user_channel` VALUES ('6', '100000005', '00010005');
INSERT INTO `ppc_user_channel` VALUES ('7', '100000006', '00010006');
INSERT INTO `ppc_user_channel` VALUES ('8', '100000007', '00010007');
INSERT INTO `ppc_user_channel` VALUES ('9', '100000008', '00010008');
INSERT INTO `ppc_user_channel` VALUES ('10', '100000009', '00010009');
INSERT INTO `ppc_user_channel` VALUES ('11', '100000010', '00000010');
INSERT INTO `ppc_user_channel` VALUES ('12', '100000011', '00010011');
INSERT INTO `ppc_user_channel` VALUES ('13', '100000012', '00010012');
INSERT INTO `ppc_user_channel` VALUES ('14', '100000013', '00010013');
INSERT INTO `ppc_user_channel` VALUES ('15', '100000014', '00010014');
INSERT INTO `ppc_user_channel` VALUES ('16', '100000015', '00010015');
INSERT INTO `ppc_user_channel` VALUES ('17', '100000016', '00010016');
INSERT INTO `ppc_user_channel` VALUES ('18', '100000017', '00010017');
INSERT INTO `ppc_user_channel` VALUES ('19', '100000018', '00010018');
INSERT INTO `ppc_user_channel` VALUES ('20', '100000019', '00010019');
INSERT INTO `ppc_user_channel` VALUES ('21', '100000020', '00010020');
INSERT INTO `ppc_user_channel` VALUES ('22', '100000021', '00010021');
INSERT INTO `ppc_user_channel` VALUES ('23', '100000022', '00010022');
INSERT INTO `ppc_user_channel` VALUES ('24', '100000023', '00010023');
INSERT INTO `ppc_user_channel` VALUES ('25', '100000024', '00010024');
INSERT INTO `ppc_user_channel` VALUES ('26', '100000025', '00010025');

-- ----------------------------
-- Table structure for ppc_user_directory
-- ----------------------------
DROP TABLE IF EXISTS `ppc_user_directory`;
CREATE TABLE `ppc_user_directory` (
  `id` bigint(20) unsigned NOT NULL AUTO_INCREMENT,
  `uid` bigint(20) unsigned NOT NULL COMMENT 'ç”¨æˆ·id',
  `dir_path` varchar(255) NOT NULL COMMENT 'ç›®å½•çš„å®Œæ•´è·¯å¾„',
  `parent` bigint(20) unsigned DEFAULT NULL COMMENT 'è¯¥ç›®å½•æ‰€åœ¨çˆ¶ç›®å½•',
  `createdTime` datetime NOT NULL DEFAULT CURRENT_TIMESTAMP,
  PRIMARY KEY (`id`),
  UNIQUE KEY `key_dir_path_uid` (`dir_path`,`uid`),
  KEY `index_user_directory_parent` (`parent`)
) ENGINE=InnoDB AUTO_INCREMENT=582 DEFAULT CHARSET=utf8 COMMENT='ä¸Šä¼ ç”¨æˆ·çš„ç›®å½•ä¿¡æ¯';

-- ----------------------------
-- Records of ppc_user_directory
-- ----------------------------
INSERT INTO `ppc_user_directory` VALUES ('1', '100000000', '/', null, '2015-09-01 01:06:16');
INSERT INTO `ppc_user_directory` VALUES ('2', '100000023', '/', null, '2015-09-01 01:06:16');
INSERT INTO `ppc_user_directory` VALUES ('3', '100000001', '/', null, '2015-09-01 01:06:16');
INSERT INTO `ppc_user_directory` VALUES ('347', '100000033', '/', null, '2016-02-18 20:45:08');
INSERT INTO `ppc_user_directory` VALUES ('581', '100000040', '/', null, '2016-03-11 10:29:11');

-- ----------------------------
-- Table structure for ppc_user_files
-- ----------------------------
DROP TABLE IF EXISTS `ppc_user_files`;
CREATE TABLE `ppc_user_files` (
  `id` bigint(20) unsigned NOT NULL AUTO_INCREMENT,
  `sid` bigint(20) unsigned NOT NULL COMMENT 'æ•°æ®æºid',
  `relative_url` varchar(10240) DEFAULT NULL,
  `file_id` binary(16) NOT NULL,
  `md5` binary(16) DEFAULT '0000000000000000',
  `fsize` bigint(20) unsigned NOT NULL DEFAULT '0',
  `psize` smallint(5) unsigned NOT NULL DEFAULT '864',
  `ppc` smallint(5) unsigned NOT NULL DEFAULT '304',
  `type` smallint(5) unsigned NOT NULL DEFAULT '1' COMMENT '0:directory, 1: file',
  `state` tinyint(3) unsigned NOT NULL DEFAULT '0' COMMENT '0:sync unfinished, 1: not distributed, 2: distributed, 3: deleted',
  `isPublic` tinyint(3) unsigned NOT NULL DEFAULT '0' COMMENT '0:token required on read; 1:publicly available',
  `dir_id` bigint(20) unsigned DEFAULT NULL COMMENT 'è¯¥æ–‡ä»¶æ‰€åœ¨ç›®å½•çš„id,è‹¥ä¸ºç©ºè¡¨ç¤ºè¯¥æ–‡ä»¶æœªé‡‡ç”¨ç›®å½•ç®¡ç†',
  `active_prefix_id` bigint(20) unsigned NOT NULL COMMENT 'ç”¨æˆ·å½“åˆæ³¨å†Œè¯¥æ–‡ä»¶æ—¶ä½¿ç”¨çš„prefix',
  `source` varchar(10240) DEFAULT NULL,
  `ext` blob COMMENT 'Expand Information',
  `createdTime` datetime NOT NULL DEFAULT CURRENT_TIMESTAMP,
  `modifiedTime` datetime NOT NULL DEFAULT CURRENT_TIMESTAMP,
  PRIMARY KEY (`id`),
  KEY `index_user_files_dir` (`dir_id`),
  KEY `index_user_files_fid` (`file_id`),
  KEY `index_user_files_md5` (`md5`)
) ENGINE=InnoDB AUTO_INCREMENT=10603 DEFAULT CHARSET=utf8;

-- ----------------------------
-- Records of ppc_user_files
-- ----------------------------
INSERT INTO `ppc_user_files` VALUES ('10276', '10', '/phone_demo_ocean_2mbps.ts', 0x8346C4FB7BE947C7A04953AD5EA49A43, 0x00000000000000000000000000000000, '92570636', '864', '304', '1', '2', '1', '347', '48', 'http://cdn.cloutropy.com/thunder/phone_demo_ocean_2mbps.ts', null, '2016-02-24 22:27:20', '2016-02-24 22:27:20');
INSERT INTO `ppc_user_files` VALUES ('10277', '10', '/phone_demo_ocean_4mbps.ts', 0xD74B33D9968148C6B0AD6D728A7786A5, 0x00000000000000000000000000000000, '167777780', '864', '304', '1', '2', '1', '347', '48', 'http://cdn.cloutropy.com/thunder/phone_demo_ocean_4mbps.ts', null, '2016-02-26 14:44:52', '2016-02-26 14:44:52');
INSERT INTO `ppc_user_files` VALUES ('10278', '10', '/phone_demo_ocean_3mbps.ts', 0x272E603BA82C4B0E817A124960E1D1AD, 0x00000000000000000000000000000000, '127349884', '864', '304', '1', '2', '1', '347', '48', 'http://cdn.cloutropy.com/thunder/phone_demo_ocean_3mbps.ts', null, '2016-02-29 19:44:54', '2016-02-29 19:44:54');
INSERT INTO `ppc_user_files` VALUES ('10279', '10', '/phone_demo_ocean_8mbps.ts', 0x74DA6014794F4C7184E52D1B84D7317B, 0x00000000000000000000000000000000, '335928740', '864', '304', '1', '2', '1', '347', '48', 'http://cdn.cloutropy.com/thunder/phone_demo_ocean_8mbps.ts', null, '2016-02-29 19:45:08', '2016-02-29 19:45:08');
INSERT INTO `ppc_user_files` VALUES ('10287', '5', '/media/new/2011/09/15/sd_dsj_hwdd01_201109115.ts', 0xFDDA43167DC34C788C080595619FE63B, 0x00000000000000000000000000000000, '252392068', '864', '304', '1', '2', '1', '2', '7', 'http://m.icntvcdn.com/media/new/2011/09/15/sd_dsj_hwdd01_201109115.ts', null, '2016-03-03 15:26:09', '2016-03-03 15:26:09');
INSERT INTO `ppc_user_files` VALUES ('10288', '9', '/2f273d78c1fe4967bdf716539d24affd', 0x2F273D78C1FE4967BDF716539D24AFFD, 0x00000000000000000000000000000000, '499118568', '864', '304', '1', '2', '1', '3', '9', 'http://buddiestv.qiniudn.com/sUWPWh5odxh9vtorJ2tsEue__hQ=/lqEfYNTpV7px5RAkIDOeZfr8BR0N', 0xD0350000789CBD9B5B6E94471085F732CF23A6EE5D158987A0F0101E48829220400829D8C4560836788C587EAADAD9C26105A5FEFBF457A72EFF9B3787ABF3F9F687D3E9AFFB8B8BEBCBBBF3D7479FAF3F5DDF5F7C7AF4FEE6DFD3DD1F2F7F7D79E53717DFAEEAEBF9E6CB3339DF3DBDBF7CF7EEEAB7C7A78F9F9F7E78F5FCF7DB3FD7ED377FF1E33F3FFFF4CBE5EB0F5FF2C90B7A7EBABBFC9B0E47F5E2927C7B44C6E18963CB83B071E470B45AAA2ED8387A384A995182CF63FDDD92A90C7C3FDEE7F195AB021B270EC7203276709C75387AA6AB81EF270FC75CCA89BE9FDA3A4841EB8D1B08CE66A6E007C443847E42AC6025F0464271CB011CA89960BC22081DA8A1604D528643DB87DA2205174363413495E077B44675AD6F3170A0068359AB0E2E869A4C9429F0CC3A5621BD12AD3A193244155C0C3264A00E8516830C19CA23047D47DB2E1813FC8E9A0CB6A8D602D35B9A0CCADA79028C20693248A810A1EF28F73BB2425B1319CF604582569D6E32F481D00F5679EE6889A0F3913619242312AD3A6D32A85A6709308274C8D044854355C733903619D09F6EC820E4867EB0BA36827811FA8E860CE5A685FE744D060FB6449B136B32CC6B0DB4EA6C9321B4D02EC8860C2D8540177C3664C84EE401569D35195CA8A98A0ED46458BA82E13D939813A9051A41D66458D4E504FCD34D9B818B15AEBA9A3B0A52F483F526438897A11FAC371938ADD304FA443281D2E1F5914FEF91921CDDABF326038BC84237537DBA8FAA64F02EE7F60CCA8E36903E9E8188E14ED59B0C62C202BFA3E9332C25475BE218CFB06CC18BE518CF905A8CAE6143C6E447A3019C26421F0CA4A09D6A4C0792BB3E42CB3B860CEDF0193E97980E64BB3A43D33BD6C389089D8F62AA095AEC8616439321BD9D1DBAA1B136195611A387473CD3A3CE1368D6AD2683B7F586AB6E8D67901519E84043869919A0ABF2B5671316F041D56A32983805BA6C59430677823BD5359E2178AA6570A0E9404A2C834F61870CDC0C42AB2EC73348E842DF51CA6E6888A107E5B9371928177A0E9B36768BFB50E84F3764E89A25E19F6E3C434AC127CBB9B653E5809F683C83792D74D329F73E430AA1336CEDD9C4B4B7C027AABDCF40AAE87C54B2C73A054F7CA53B50C2135FD9434F153E04A9ED1978F40D0E349E81C2131E68C8404E8CCEB095BBFC17878B613A904CBAD0698269569DACCD2AFADB31F194CBD9E5043CD2AC34B4ECE0F6BB6F6816C5D4E0398969E341C2F08AF0ED572BD0C698E90110A6E81105D374221705A1DB004C1B1161DFE13DD5946459F0CD069E7548D15C04DF52DCFB909D6C177CA96F1622558C165C117B23B27D2B7CB4C8B312E9FD9CE07D429E9DC8E65E155E7B33C6EC4305DA23F36C454A55285E117BC56115BC15CE7B2FD295E05520CF62A4971ABC6FC3B319E92D71FC52E95E8DE4A5F0B53B9EDDC82ED513FEC706CBF61119842E6E79B623255BE5701ACD7A64ABBC450E3FD3FF7F54147AB6C4B320D90656124EA3D9908CE0EF90DD6745D2C5A66DF8F63F1FF318B6, '2016-03-03 15:26:14', '2016-03-03 15:26:14');
INSERT INTO `ppc_user_files` VALUES ('10314', '9', '/21bf34e792834eedb3046a1b3858664a', 0x21BF34E792834EEDB3046A1B3858664A, 0x00000000000000000000000000000000, '232121720', '864', '304', '1', '2', '1', '3', '9', 'http://buddiestv.qiniudn.com/sUWPWh5odxh9vtorJ2tsEue__hQ=/lpUd04T3JyXX0EpnpbgGCeyExTps', 0x34360000789CB59B5D8A5C470C85F732CF8D5BFFA50AE4290C013F256063833106A707CF4032D349F7187BF791D46B382B105557F5E91C49F7D3A7BBC7EBF5FCCBF1F8F5F5747A7AB85CBFBFF9F7E9F9E9F5F4FCE6AF977F8E97F71FFEF8F0E82FA71F8FFBFBF5E5BFB772BDDCBF3E7CF9F2F8E7AFC7BFCFEF4F64EFF4EDCF8F1FE9FEFC7CFEFAEDF7DF1E7EDEFF7877BE1C2F0FDFE8EE20165B933E1F9071F8EE60E24C1ED8387277D0480B166C1CADF350AC853E8FDD1D38963983E378DD9BB3EC486C9CA8F3B8A9A1F36D551CC9A80361E364C5C9B0B5C0F9B63B0F2CB781BF0F1710D84C65812F8E7932612BA14F54481021D969E040C584DCBA0D8DD26282A82E413381BD732142D030E5A6826D2641E7426141781BC39F51F637F2143417B8C1E0F55A137C2269A5A06262E067240D86CCBDD0049202036FB240679DE830553681C920A316C819FE8D8A0C423B084D068986373BA159274D06A2C07FA326C3523778A02143EE8DBE3A6DC9500529D159A7DC664517C103B564204F52F4D53519BC4437BA4CA88DCF0B8507F249062345076ACDB04404ED58B4AD449650455B3D6D329405633419B4C9B0ACFD1ED8BC36195C055E268C2719AA2081AFCE5A332CD644BB161BCDB062A3C589B566285B09EFCC5891A194B7A2CB91351862E74283C1D6C0BB9C253ABBBBC9B014EF606D4FDD5B89B647DE6068CF82BE3AE7C96E16B43DF2014329133418BCC190E2897EAFDE604835F883F502438630FABDFAF41E9525C045C2A7F9C8C6047EAF9E13A8CD0438502B0625173481E2E62596A1932EA6CB503987D6A97103C38677A2A3C1C0218E666A8C62A07034EAA2C150C98DF62CD14D06CE4878D235189874A37D65B49590E51AE8F7DA8A613BBE8BBF1A0CDB133E68590D0613DD68CFB2A6FDB8A8A80A0EA4A3EA36BC4A2C9B918EC175EAEA2603572EC003B564D89A81165B6BBC0499A29BDEAB2543B83BDA57AE5BFB31187D753992A1343EBAEE254F77BD1C39F81D6593C134379A0C792343385A04E50C263CF057D78309B6051FF0E5906165A28D65F660C29C046D2632A7F0D142ABA0DCB78E13BC87B66FBB0CA268B9B5F9A6F113ED2C770F269862A1E9BD67304164F0404D06730F7429DFB3CC40CBD1F568CFC8B237A9D0C9D09A412BBBD1F4DED3661077F892D3F41FCBFFA30B1F53A161BB3A9A0C4C6327C2E01F89A95583AE62107ACF89663611453CF4A613D9ACF1A9C1B7D1A8172045D3D0F5BCE83DC4D38DD6AB4C6B90678A2E4B4C396AC8187F7BD389D4507896CF266485811B189E5548CBCA0CF8999A11910ADF09611E0151821FBDABC13C5D87585BD0593EFB90DB48E1DB83BD10292A0E5FD7609E59C5B284AF5EF64A64BD5C828FE2986FFB0D94F09F1A64E6988B1CBE5B7CDB8A5CB6051E69969F8203BF983D138B022DFE3BCDCAB439BEBAF766248733DCAE73AF46B27A26BC6AC8E80833FC7AB68CD3F01ED8A323CD0F15BDD7858E34EB9161C4F033E93428BD2AEEE7FF018A347DCC, '2016-03-04 11:47:35', '2016-03-04 11:47:35');
INSERT INTO `ppc_user_files` VALUES ('10315', '9', '/70623349a2114f6abc23d3a23e7d4fc2', 0x70623349A2114F6ABC23D3A23E7D4FC2, 0x00000000000000000000000000000000, '402016380', '864', '304', '1', '2', '1', '3', '9', 'http://buddiestv.qiniudn.com/sUWPWh5odxh9vtorJ2tsEue__hQ=/lsznRlfC1JDFwwZphcOWSdaAjrwQ', 0x29340000789CB59ADB6E9D450C85DF655F6F353E8E6DA45E200E17BD81825024AAA882EEC00E2A4969761AC4D3634F9E613D8135FFEFF9BCD61ABF7B77385F2E9FBEBABAFAFDE974BABB7DBC7C79F5CFDDFDDDD3E9FED58787BFAF1E7FB9FEF1FAEC0FA77FCFF5E5F2F0F98D5C1EBF7BBA7DFFFEFCF6F5D5C7C7FFEE7FFAF8C737FCE6DBEF9F9F7FFD74FEF0C3F5CFA7DFBEFEEBF3F3DBABC7DB3FE9700CB24A969B23B20E1F8EAABC58C175E470E45CC9BEB075F47094455D29B1756CEA249B19B68E771D539504D7595D279CB9C07D10DD6FE4BAD0E7C9E96BA185FE3FD575CC4B88C0F7B481201EA50B5DA889602B0BDE71DC487022875F556E266897314117B229C40A871C0F15A2160BFA1F35165873297C0C3517989D18DE750306123242374393C186DCE8AE139A13718F56F408DF64884806B7B73419842B1C2E4A860C36F715DC753272C1DC133D8EA4C9D06A4E12DE0C43868A20F43D9298AEB3800F3E193270081CAA329A81AD19042EA44D068BA4856E061D3248EB3AF43DD22143C9AA409F48E744EC811E7CDA64B0960C865641DA64E8494E9EE07BA46325BC2531BCBD4733046B15DA53E6C8ADB5025EA8C9C0AE4CE8F6361A3BEEAD4FD085265FA036CA687ADBB88955D9D6055CA8C9E04C78A76C9B0CA689EE3A1B324866C2BB6ECD89DAFCC30B4DCAB0FA1F19BAEB860C696D63C1ACB34D06B2408F721F37510B2F207DC850A40B8D2097ED8FD63230195C47122715DAFE7B93C183A4D0A3DC7D2E2CB1A311E44306270DB459F6D10C4909CF19BCC9C0E6ECF0AEDB6E8294D19F6ED10E9D0AFE54B078BBF209D7C185860CA354D181C6DA6468AF8C86EA9A0452CA29D0279A047245C073FC356EA27AF0A1FDD11A32A85AA293FCB513484AB8595E93407AD30EDDDEB13583151C41D164909EAF898E68623F574A2EF43D8A4D069D9C185C68C8A0F3E5D09FAEC9B0242CE19FAEC9E012A1E8091B2F6E821C7EA2D10CE124685D17B547792308FCE97234C32A09F485CDD10C42A268579E9340B69750053743EA4EB7029E33E40B1982D16322E76D82971B3A53CDD10CEC01CF5433469C9407FAC2E6D60C51860E3472C89049F00B5B438691C4F04243861E12F0A8B39A0CA65E21E07F549B0CC4F84F37645892811E7C356EC23914FEE9D6B0AE5D0B3AA2A9D10CED5908CDBA1A32CC1F42B3AE5E7286AE835E9CA079B66C34E0D76868DE2D495A13C3CF34B2C1B8E5097C4F6C761A3897C07783681E28DABA147CAF8A760E99B9D0E3AFFBBB4D858B387E9F2FB63B67FC862F0D22CA0BBE7CC234EAA1AD92C2FF13BFC887B5D00F2F3CFB902E8C0F72791622AD0FA5F833E95EB0AA420F769E95485613F864E7BD13296A704FCB7B29B23F1EFCD18F672B525AF72B9CE5B316C9120C7F8DE3D98B54EF42E82C9C6731922B9DD00E9A65BF65A618BC236635B2CFC40EBF4FB31BD9DA28E01B503CCB91EC351B71E84A934078AB727478C3B223084B5B7673F33F2D510A0F, '2016-03-04 13:58:25', '2016-03-04 13:58:25');
INSERT INTO `ppc_user_files` VALUES ('10316', '9', '/fe448c48e88c496aa70e8d74e3aeefd8', 0xFE448C48E88C496AA70E8D74E3AEEFD8, 0x00000000000000000000000000000000, '401178464', '864', '304', '1', '2', '1', '3', '9', 'http://buddiestv.qiniudn.com/sUWPWh5odxh9vtorJ2tsEue__hQ=/lknqLiu3jGL2pewSMxWLuYGTuFXn', 0x29340000789CB59BDB6E9C550C85DF65AE479DEDB38DD44BA88482440528A02AAA048948A04DDA66A6F4F1B1779E613DC19267FBFFBC7C9877EF0EF7E7F3A7EF4EA73F2FB7B70F77CFE7AFAF3E3F3C3E5C6E1F5FFDF5F4F1F4FCDBF5CFD7F7F674FBEDBEBE9E9FBEFCC8E7E7EF2F77EFDFDFBF7D7DFAF0EFE3E7AB878BFCF3E68A3FDDFDF7CB4FDFAEAF2E7FBCF9F5F2C3EF8FA7E7BBBFD7E128B996AFBC392275A87564B1A275B87582248CB13A723892531483E3D189C7537D6175AC752897A562757CEB44A07FB7381CCD3945C1F1E4E1A8C4520E8EA70E47B65CE9E078A881C0CECA05FE80882622EF80D011351294AD62A1856484828AD1423A49E74C827EA3172A50105A68B060EE210E168A892824092D3460B055057FA3214373A18B38B8B28E5520D2409708A65DC3BB8A83DF887958671186166A3248D7560B70327093814BABE036CB86DE6A01171A322CCE4417588E8948CAD065829B0CDC6957E852CE43864A127444329EA10B9FA2A12A4D06EAF40E0527834C1BE1546DBDC1424D8676A96268D6C93412EACCE80F56C63394B8A10B9F341928FA334A70E19321835A67383AA29C2699189FDE4D06551342173E5D23D4EE046D4E94368252D06FA4E3191651A1C9A033618828467F473A64C8D22874444306EFB4637432F8240325A3DB161D32F0B24237CB9ABB940B9C0CDA643011875B62DBDD84A4A23F581BCFD0D624D05DB90D193A151CEDEB6C93A1AD373A196CBA893426B8D07413111EF029A76FA186373AA298F6BFC4D064B0F10C2B2BD02EC8A69B704D43CFEB7C3C43F761ED1BC042B4771F2C6873E2BCB36E093AEB7CBA896690C0A7F833812CF5842783ED3D0B13FC8D860CC999E846CC870C9966E80AEBB9B3CE182EB4BB095646CF19623CC37285FBBAD86468AB0ADF52CD9CA13341D0DE3B660219895F82C4741352B5D0F40E9BEFA8FB8944BFD19E33702EF81BED39C3EAD287169ADDC4CA4CF877349E215512DD2CE74C20A51B1774E14B7A319086B65B396468AA325C683CC35AC468EF9DBB9B580A675D36196C7E397844E319CABB1C811194B3B5649A7313B0D0788624233419723C43D7BD40FBBA1A32A84F5F0E16A2D9FE77D6A1E95D73CF408BE07BD8DA374E5CF09BA01A32B02A7C6B59B617BE0A1FA3D56C2DC518EE822AF666D91D4D86DA13C82610FCA71B32743D828F68BAA5DC331A67F8BDCE1A368884A07F3C5ABCD7E5ABD063555AD351B8F743C19574DBD5B982442BCD866245A704FC9D5EAC833B1A10B4F65D03277C6145AB116165DD35C3DFA966C7DC590E7FA77D0E199582B6E134F790C2CE86BE5C26DA438712859FA6CD45A4982FF8152ECD49A499A5A16D1ED1DE5550297A8B497314D94D2D3BFE9D62EE6AD216FEE8F765915985CFF21AF79A051FBA13EFF3270BB807A3B98CA49C133574EEEDD3480E2378D598DB48F6C504FF07CA1C477646A4C36F7FE73A925216C1AB066F4674D1F07573F33FE70CF800, '2016-03-04 14:00:54', '2016-03-04 14:00:54');
INSERT INTO `ppc_user_files` VALUES ('10317', '9', '/2aa45b260b0c4f31b051d84feebdecd6', 0x2AA45B260B0C4F31B051D84FEEBDECD6, 0x00000000000000000000000000000000, '393458620', '864', '304', '1', '2', '1', '3', '9', 'http://buddiestv.qiniudn.com/sUWPWh5odxh9vtorJ2tsEue__hQ=/lqcYgaAx99ioZucCAg6e5nmK9BZw', 0x28340000789CBD9ACD6E9E450C85EFE55B7F6AFC37F618894541DDC00616A8A2555595244A22B5092549E9E5E3F3E61A0E576079C6F3CC39B6DFBF3FDD3E3DFDFDC3C5C55FCF575777D78F4FDF5E7DBDBBBF7BBEBA7F75F9F0E5E2F18FB7BFBDBD5D0F57DF6FFBDBD3C33FBFD8D3E39BE7EB8F1F6F7FFFF1E2F3D7CB3F6F3EBDFEDE7DF7F0EEF9F2E7D73779BDEEBFFCDA3FBDFBF7E2F1FA464EE715BBC5F3C39919474F67ED882CE3C631C429E926C7F1D3D9AC76B3CF2D264EEEDAEC38EB748E72912DDC38799C5BF4DEDC38857C50D9E473DBA7B3E78A16723E3DE7E6EEF4FBD10182AE3D2F35C88186086122CA3E391D24E49A374426820E1242BD2BD957344C7093B5D86F48070AEEABE990D3444656CE7EAD3A58F070F562071A2E58E896C50E0430EC2C7A46F6A214B2935C7506A9E0D6AD6CA93060F0110BC9D60A06B13051CAC84CB5008224F92A0B6488CADCEC8CA0173C5BE9E50DC1B0459C5E0C438655CB825E0C4386E5BDCDD95278C8E0E2CBD81F9F2BBE89A812762090A1744C119975FE428689C4BE236886B0F12BEC400B198D20666B06876658F31B293B501D81C685B1AB0E5EC25C95AD197CC8A099231BC81905CC44C9767646A15041B5854DEFB0973BA2FBBDF0437BEF34F61D1D6E4235D8EF28169C658C0862673464886512F4F286663095087631C04DF8FC126C7A47E3E3EB4103599C2C90212B945D0CEB70130E69470E7490A137BDEA16C8B046791BB9EA16C8A0E18B5DDE0BCD47E93076CF690D19524AF9DD546886161D9D4F0E04CD306642E855D7B096B684DDA2494131AC45B7FFA9C7D155B2A19A0671B2AAD8FDBA74403526143B23906167D33543A2CF203B4AC86448688618D7422FEFA3CF107C32243443472A9BDE890EA4A0794BCEA88ED1846BB2E95D2043EF156C0495A1EADA851EE81857DAA82DF6D80D6458E326D85F79A1CF605E8BDD182CF419748BD18FAEF04D8CDA6243B5A0195C5707FB8EA019DCCBD908DA470772EC115BE46F90213134203FD80DCD303E8C3E9BD8204363C8C71E94830C52469F4D6C68064D3EEB36C830A0DB6C0FBBE126860CF46F626F34346AF3AB6EC890E646CFA8870CA6DACE9EB6F4E1263C8DDD256E3B366854D855D77013F34D189BDE3D645083AC6367840EE48ECD3FBA841193E617033443D7480676A08D4EBEA9B39B4E0D378186067DB9450E34646E7E244C2742BCD8E34415180A1FDF425FA4117421AD16DD5E0EE8D0FC5E66F4551A59C7B34D7A0B57258FFE60353FA73AC47E2ABBCBA502F15023C2D9B30395A3E3D04DB7647A6C436E4B615B25C53AA495A7B2FB42AAC7DA9376D0EF091B9123F2823EC354AC44DAD4BAB185ABBEEC44D66EB6A0D46329522C93AD91155B9196AB373F27C8888923FCDAC324733E77FEAF81C5489F97BBD8CD07B543478C26A7EB08AC46DA78DB64F7A214BB91BE4BE9BB288AE5482DFD1FAADC8E4D8735D54EBF27188D4EC7BCFEC37F6283BF6D, '2016-03-04 14:14:59', '2016-03-04 14:14:59');

-- ----------------------------
-- Table structure for ppc_user_group
-- ----------------------------
DROP TABLE IF EXISTS `ppc_user_group`;
CREATE TABLE `ppc_user_group` (
  `id` int(10) unsigned NOT NULL AUTO_INCREMENT,
  `user_id` bigint(20) unsigned NOT NULL COMMENT '用户ID',
  `group_id` int(10) unsigned NOT NULL COMMENT '用户组ID',
  PRIMARY KEY (`id`),
  UNIQUE KEY `index_user_group` (`user_id`,`group_id`)
) ENGINE=InnoDB AUTO_INCREMENT=15 DEFAULT CHARSET=utf8 COMMENT='用户分组信息';

-- ----------------------------
-- Records of ppc_user_group
-- ----------------------------
INSERT INTO `ppc_user_group` VALUES ('1', '100000000', '1');
INSERT INTO `ppc_user_group` VALUES ('3', '100000000', '2');
INSERT INTO `ppc_user_group` VALUES ('2', '100000000', '3');
INSERT INTO `ppc_user_group` VALUES ('4', '100000001', '3');
INSERT INTO `ppc_user_group` VALUES ('6', '100000023', '2');
INSERT INTO `ppc_user_group` VALUES ('5', '100000023', '3');
INSERT INTO `ppc_user_group` VALUES ('8', '100000024', '1');
INSERT INTO `ppc_user_group` VALUES ('9', '100000028', '3');
INSERT INTO `ppc_user_group` VALUES ('10', '100000032', '3');
INSERT INTO `ppc_user_group` VALUES ('11', '100000033', '3');
INSERT INTO `ppc_user_group` VALUES ('12', '100000034', '3');
INSERT INTO `ppc_user_group` VALUES ('13', '100000036', '3');
INSERT INTO `ppc_user_group` VALUES ('14', '100000037', '3');

-- ----------------------------
-- Table structure for ppc_user_role
-- ----------------------------
DROP TABLE IF EXISTS `ppc_user_role`;
CREATE TABLE `ppc_user_role` (
  `id` int(10) unsigned NOT NULL AUTO_INCREMENT COMMENT 'id',
  `user_id` bigint(20) unsigned NOT NULL COMMENT '用户id',
  `role_id` int(10) unsigned NOT NULL COMMENT '角色名',
  PRIMARY KEY (`id`)
) ENGINE=InnoDB AUTO_INCREMENT=4 DEFAULT CHARSET=utf8 COMMENT='用户角色映射表';

-- ----------------------------
-- Records of ppc_user_role
-- ----------------------------
INSERT INTO `ppc_user_role` VALUES ('2', '100000036', '3');
INSERT INTO `ppc_user_role` VALUES ('3', '100000037', '4');

-- ----------------------------
-- Table structure for ppc_user_source
-- ----------------------------
DROP TABLE IF EXISTS `ppc_user_source`;
CREATE TABLE `ppc_user_source` (
  `id` bigint(20) unsigned NOT NULL AUTO_INCREMENT COMMENT 'ä¸»é”®, è‡ªå¢žåºåˆ—ï¼Œç”¨æˆ·ID',
  `uid` bigint(20) NOT NULL,
  `sourceType` varchar(16) NOT NULL COMMENT 'æ•°æ®æºç±»åž‹ï¼Œæš‚åŒ…æ‹¬OSSã€CDNå’ŒM3U8',
  `autoRegister` tinyint(3) NOT NULL DEFAULT '0',
  PRIMARY KEY (`id`),
  UNIQUE KEY `index_uid_source_type` (`uid`,`sourceType`) USING BTREE
) ENGINE=InnoDB AUTO_INCREMENT=13 DEFAULT CHARSET=utf8;

-- ----------------------------
-- Records of ppc_user_source
-- ----------------------------
INSERT INTO `ppc_user_source` VALUES ('1', '100000000', 'OSS', '0');
INSERT INTO `ppc_user_source` VALUES ('2', '100000000', 'CDN', '1');
INSERT INTO `ppc_user_source` VALUES ('3', '100000000', 'M3U8', '1');
INSERT INTO `ppc_user_source` VALUES ('4', '100000023', 'OSS', '0');
INSERT INTO `ppc_user_source` VALUES ('5', '100000023', 'CDN', '1');
INSERT INTO `ppc_user_source` VALUES ('6', '100000023', 'M3U8', '1');
INSERT INTO `ppc_user_source` VALUES ('7', '100000001', 'OSS', '0');
INSERT INTO `ppc_user_source` VALUES ('8', '100000001', 'CDN', '1');
INSERT INTO `ppc_user_source` VALUES ('9', '100000001', 'M3U8', '1');
INSERT INTO `ppc_user_source` VALUES ('10', '100000033', 'CDN', '1');
INSERT INTO `ppc_user_source` VALUES ('11', '100000040', 'CDN', '1');
INSERT INTO `ppc_user_source` VALUES ('12', '100000040', 'M3U8', '1');

-- ----------------------------
-- Table structure for ppc_user_source_new
-- ----------------------------
DROP TABLE IF EXISTS `ppc_user_source_new`;
CREATE TABLE `ppc_user_source_new` (
  `id` bigint(20) unsigned NOT NULL AUTO_INCREMENT,
  `uid` bigint(20) DEFAULT NULL,
  `sourceType` varchar(16) DEFAULT NULL,
  `autoRegister` tinyint(3) DEFAULT NULL,
  PRIMARY KEY (`id`),
  UNIQUE KEY `index_user_source` (`uid`,`sourceType`)
) ENGINE=InnoDB AUTO_INCREMENT=6 DEFAULT CHARSET=utf8 COMMENT='用户资源类型关系表';

-- ----------------------------
-- Records of ppc_user_source_new
-- ----------------------------
INSERT INTO `ppc_user_source_new` VALUES ('1', '100000036', 'CDN', '1');
INSERT INTO `ppc_user_source_new` VALUES ('2', '100000036', 'M3U8', '1');
INSERT INTO `ppc_user_source_new` VALUES ('3', '100000037', 'CDN', '1');
INSERT INTO `ppc_user_source_new` VALUES ('4', '100000037', 'M3U8', '1');
INSERT INTO `ppc_user_source_new` VALUES ('5', '100000035', 'CDN', '1');

-- ----------------------------
-- View structure for view_user_files
-- ----------------------------
DROP VIEW IF EXISTS `view_user_files`;
CREATE ALGORITHM=UNDEFINED DEFINER=`ppc`@`%` SQL SECURITY DEFINER VIEW `view_user_files` AS select `ppc_user_files`.`id` AS `id`,`ppc_user_files`.`sid` AS `sid`,`ppc_user_files`.`relative_url` AS `relative_url`,hex(`ppc_user_files`.`file_id`) AS `file_id`,hex(`ppc_user_files`.`md5`) AS `md5`,`ppc_user_files`.`fsize` AS `fsize`,`ppc_user_files`.`type` AS `type`,`ppc_user_files`.`state` AS `state`,`ppc_user_files`.`isPublic` AS `isPublic`,`ppc_user_files`.`dir_id` AS `dir_id`,`ppc_user_files`.`active_prefix_id` AS `active_prefix_id`,`ppc_user_files`.`source` AS `source`,`ppc_user_files`.`createdTime` AS `createdTime` from `ppc_user_files` ;
